{
  "$schema": "./node_modules/@angular/cli/lib/config/schema.json",
  "project": {
    "name": "i-bill-final"
  },
  "apps": [
    {
      "root": "src",
      "outDir": "dist",
      "assets": [
        "assets",
        "favicon.ico"
      ],
      "index": "index.html",
      "main": "main.ts",
      "polyfills": "polyfills.ts",
      "test": "test.ts",
      "tsconfig": "tsconfig.app.json",
      "testTsconfig": "tsconfig.spec.json",
      "prefix": "app",
      "styles": [
        "styles.css",
        "./assets/css/bootstrap.min.css",
		    "./assets/fonts/icomoon/icomoon.css",
        "./assets/css/main.css"
      ],
      "scripts": [
        "./assets/js/jquery.js",
        "../node_modules/bootstrap-notify/bootstrap-notify.js",
        "./assets/js/tether.min.js",
        "./assets/js/bootstrap.min.js",
        "./assets/vendor/unifyMenu/unifyMenu.js",
        "./assets/vendor/onoffcanvas/onoffcanvas.js",
        "./assets/js/moment.js",
        "./assets/vendor/slimscroll/slimscroll.min.js",
        "./assets/vendor/slimscroll/custom-scrollbar.js",  
        "./assets/js/common.js"        
      ],
      "environmentSource": "environments/environment.ts",
      "environments": {
        "dev": "environments/environment.ts",
        "prod": "environments/environment.prod.ts"
      }
    }
  ],
  "e2e": {
    "protractor": {
      "config": "./protractor.conf.js"
    }
  },
  "lint": [
    {
      "project": "src/tsconfig.app.json",
      "exclude": "**/node_modules/**"
    },
    {
      "project": "src/tsconfig.spec.json",
      "exclude": "**/node_modules/**"
    },
    {
      "project": "e2e/tsconfig.e2e.json",
      "exclude": "**/node_modules/**"
    }
  ],
  "test": {
    "karma": {
      "config": "./karma.conf.js"
    }
  },
  "defaults": {
    "styleExt": "css",
    "component": {}
  }
}
